"amount","time","encodedCategory","daysSinceLastTransport","daysSinceLastGrocery","totalUberSpend","totalGrocerySpend","overspendRisk","transactionTypeUber","transactionTypeGrocery","transactionTypeRestaurant","spendingShift"
-0.34,1714648634000,0,,,0,0,0,0,0,0,0
-3.31,1714648639000,0,1,,0,0,0,0,0,0,0
-3.29,1714648644000,0,1,,0,0,0,0,0,0,0
-32.41,1714660174000,1,1,,0,0,0,0,0,0,0
-175.75,1714711120000,2,1,,0,0,0,0,0,0,0
-1.98,1714737086000,0,2,,0,0,0,0,0,0,0
-1.96,1714737092000,0,1,,0,0,0,0,0,0,0
-3.31,1714821247000,0,1,,0,0,0,0,0,0,0
-0.67,1714821256000,0,1,,0,0,0,0,0,0,0
-3.26,1714821258000,0,1,,0,0,0,0,0,0,0
-7.95,1714873605000,3,1,,0,0,0,0,0,0,0
-2.99,1714883620000,4,1,,0,0,0,0,0,0,0
-0.69,1714925527000,5,2,,0,0,0,0,0,0,0
-9.98,1714925531000,5,2,,0,0,0,0,0,0,0
-20.63,1714959858000,3,2,,0,0,0,0,0,0,0
-24.79,1714971048000,6,2,,0,0,0,0,1,0,0
-2.5,1714971053000,5,2,1,0,24.79,0,0,0,0,0
-3.31,1714998344000,0,3,1,0,24.79,0,0,0,0,0
-3.1,1714998353000,0,1,1,0,24.79,0,0,0,0,0
-3.1,1714998362000,0,1,1,0,24.79,0,0,0,0,0
-6,1714998364000,0,1,1,0,24.79,0,0,0,0,0
-3.37,1715083772000,0,1,2,0,24.79,0,0,0,0,0
-3.85,1715083778000,0,1,2,0,24.79,0,0,0,0,0
-3.99,1715128418000,4,1,2,0,24.79,0,0,0,0,0
-11.95,1715219228000,7,2,3,0,24.79,0,0,0,1,0
-32.41,1715227702000,1,2,3,0,24.79,0,0,0,0,0
-8,1715341633000,7,3,5,0,24.79,0,0,0,1,0
-3.37,1715430236000,0,5,6,0,24.79,0,0,0,0,0
-3.26,1715430248000,0,1,6,0,24.79,0,0,0,0,0
-10.39,1715431116000,8,1,6,0,24.79,0,0,0,0,0
-10,1715436678000,6,1,6,0,24.79,0,0,1,0,0
-466.67,1715544359000,9,2,2,0,34.79,0,0,0,0,0
-3,1715651585000,3,3,3,0,34.79,0,0,0,0,0
-10.68,1715658506000,6,3,3,0,34.79,0,0,1,0,0
-1.33,1715686841000,0,3,1,0,45.47,0,0,0,0,0
-2.31,1715686844000,0,1,1,0,45.47,0,0,0,0,0
-1.25,1715738140000,8,1,1,0,45.47,0,0,0,0,0
-32.41,1715783474000,1,2,2,0,45.47,0,0,0,0,0
-1.75,1715858993000,0,2,3,0,45.47,0,0,0,0,0
-5,1716007466000,5,2,5,0,45.47,0,0,0,0,0
-15.99,1716007469000,5,2,5,0,45.47,0,0,0,0,0
-92.92,1716030473000,10,2,5,0,45.47,0,0,0,0,0
-131.96,1716032036000,5,3,5,0,45.47,0,0,0,0,0
-9.99,1716047018000,4,3,5,0,45.47,0,0,0,0,0
-8,1716082816000,7,3,5,0,45.47,0,0,0,1,0
-1041.75,1716090842000,11,3,6,0,45.47,0,0,0,0,0
-127.05,1716118474000,7,4,6,0,45.47,0,0,0,1,0
-27.75,1716207152000,7,5,7,0,45.47,0,0,0,1,0
-9.01,1716340672000,0,6,8,0,45.47,0,0,0,0,0
-58.19,1716352434000,7,1,9,0,45.47,0,0,0,1,0
-11,1716353148000,7,1,9,0,45.47,0,0,0,1,0
-6.7,1716375093000,3,1,9,0,45.47,0,0,0,0,0
-48.37,1716375515000,7,1,9,0,45.47,0,0,0,1,0
-1.75,1716376022000,0,1,9,0,45.47,0,0,0,0,0
-7.85,1716387843000,0,1,9,0,45.47,0,0,0,0,0
-1.94,1716387847000,0,1,9,0,45.47,0,0,0,0,0
-65.05,1716388581000,6,1,9,0,45.47,0,0,1,0,0
-2.36,1716461900000,0,1,1,0,110.52,0,0,0,0,0
-15.26,1716547623000,4,1,2,0,110.52,0,0,0,0,0
-9.99,1716601615000,5,2,3,0,110.52,0,0,0,0,0
-24.35,1716601629000,5,2,3,0,110.52,0,0,0,0,0
-83.94,1716601634000,5,2,3,0,110.52,0,0,0,0,0
-9.5,1716609529000,5,2,3,0,110.52,0,0,0,0,0
-38,1716772480000,7,4,5,0,110.52,0,0,0,1,0
-2.2,1716772518000,7,4,5,0,110.52,0,0,0,1,0
-1.4,1716772522000,7,4,5,0,110.52,0,0,0,1,0
-37.5,1716806665000,4,4,5,0,110.52,0,0,0,0,0
-3.39,1716808428000,0,5,5,0,110.52,0,0,0,0,0
-3.37,1716808429000,0,1,5,0,110.52,0,0,0,0,0
-0.46,1716808436000,0,1,5,0,110.52,0,0,0,0,0
-1.86,1716808437000,0,1,5,0,110.52,0,0,0,0,0
-4,1716808439000,0,1,5,0,110.52,0,0,0,0,0
-0.77,1716808444000,0,1,5,0,110.52,0,0,0,0,0
-18,1716821822000,11,1,6,0,110.52,0,0,0,0,0
-5.49,1716860032000,4,1,6,0,110.52,0,0,0,0,0
-22.95,1716861251000,5,1,6,0,110.52,0,0,0,0,0
-7.9,1716984361000,0,3,7,0,110.52,0,0,0,0,0
-1.25,1716995939000,8,1,8,0,110.52,0,0,0,0,0
-94.68,1717157036000,10,2,9,0,110.52,0,0,0,0,0
-20,1717384640000,7,5,12,0,110.52,0,0,0,1,0
-10,1717384640000,7,5,12,0,110.52,0,0,0,1,0
-12.5,1717430675000,5,6,13,0,110.52,0,0,0,0,0
-5.18,1717434967000,6,6,13,0,110.52,0,0,1,0,0
-2.99,1717563335000,4,7,2,0,90.91,0,0,0,0,0
-56.47,1717590468000,5,8,2,0,90.91,0,0,0,0,0
-11.95,1717638544000,7,8,3,0,90.91,0,0,0,1,0
-12.42,1717736621000,6,9,4,0,90.91,0,0,1,0,0
-74.07,1717764824000,5,10,1,0,103.33,0,0,0,0,0
-596.16,1717765541000,8,10,1,0,103.33,0,0,0,0,0
-3.99,1717808185000,4,10,1,0,103.33,0,0,0,0,0
-11.99,1717849866000,4,11,2,0,103.33,0,0,0,0,0
-5.9,1717909267000,7,11,2,0,103.33,0,0,0,1,0
-7.9,1717909269000,7,11,2,0,103.33,0,0,0,1,0
-4.9,1717909317000,7,11,2,0,103.33,0,0,0,1,0
-4.9,1717909321000,7,11,2,0,103.33,0,0,0,1,0
-3.26,1717941461000,0,12,3,0,103.33,0,0,0,0,0
-0.67,1717941463000,0,1,3,0,103.33,0,0,0,0,0
-84.99,1717991617000,4,1,3,0,103.33,0,0,0,0,0
-28.15,1718024792000,7,1,4,0,103.33,0,0,0,1,0
-3.5,1718025052000,7,1,4,0,103.33,0,0,0,1,0
-12.99,1718035695000,4,2,4,0,93.33,0,0,0,0,0
-110,1718077595000,5,2,4,0,93.33,0,0,0,0,0
-2.29,1718190377000,0,3,6,0,93.33,0,0,0,0,0
-0.67,1718190387000,0,1,6,0,93.33,0,0,0,0,0
-3.26,1718190391000,0,1,6,0,93.33,0,0,0,0,0
-1.97,1718190392000,0,1,6,0,93.33,0,0,0,0,0
-31.4,1718341638000,6,2,8,0,82.64999999999999,0,0,1,0,0
-9.19,1718341685000,6,2,1,0,114.04999999999998,0,0,1,0,0
-1.75,1718377458000,0,3,1,0,123.23999999999998,0,0,0,0,0
-0.67,1718377458000,0,3,1,0,123.23999999999998,0,0,0,0,0
-2.29,1718377464000,0,1,1,0,123.23999999999998,0,0,0,0,0
-3.26,1718377467000,0,1,1,0,123.23999999999998,0,0,0,0,0
-135.16,1718436139000,9,1,2,0,123.23999999999998,0,0,0,0,0
-107.41,1718451668000,0,1,2,0,123.23999999999998,0,1,0,0,0
-4,1718467454000,1,1,2,0,123.23999999999998,0,0,0,0,0
-4,1718467454000,1,1,2,0,123.23999999999998,0,0,0,0,0
-4,1718467454000,1,1,2,0,123.23999999999998,0,0,0,0,0
-23.68,1718536826000,5,1,3,0,123.23999999999998,0,0,0,0,0
-2.21,1718537855000,0,1,3,0,123.23999999999998,0,0,0,0,0
-3.26,1718537857000,0,1,3,0,123.23999999999998,0,0,0,0,0
-0.67,1718537858000,0,1,3,0,123.23999999999998,0,0,0,0,0
-1.47,1718537862000,0,1,3,0,123.23999999999998,0,0,0,0,0
-1.67,1718537862000,0,1,3,0,123.23999999999998,0,0,0,0,0
-2.36,1718537863000,0,1,3,0,123.23999999999998,0,0,0,0,0
-6,1718537865000,0,1,3,0,123.23999999999998,0,0,0,0,0
-1.7,1718537869000,0,1,3,0,123.23999999999998,0,0,0,0,0
-1.97,1718537871000,0,1,3,0,123.23999999999998,0,0,0,0,0
-2.29,1718537872000,0,1,3,0,123.23999999999998,0,0,0,0,0
-0.67,1718537876000,0,1,3,0,123.23999999999998,0,0,0,0,0
-85.3,1718538725000,12,1,3,0,123.23999999999998,0,0,0,0,0
-12.78,1718588467000,5,1,3,0,123.23999999999998,0,0,0,0,0
-46.42,1718624881000,7,2,4,0,123.23999999999998,0,0,0,1,0
-6.19,1718624890000,7,2,4,0,123.23999999999998,0,0,0,1,0
-23.68,1718625677000,7,2,4,0,123.23999999999998,0,0,0,1,0
-4.55,1718625998000,0,2,4,0,123.23999999999998,0,0,0,0,0
-4.9,1718626010000,0,1,4,0,123.23999999999998,0,0,0,0,0
-4.55,1718626014000,0,1,4,0,123.23999999999998,0,0,0,0,0
-4.9,1718626015000,0,1,4,0,123.23999999999998,0,0,0,0,0
-7.94,1718630520000,13,1,4,0,123.23999999999998,0,0,0,0,0
-67.54,1718630917000,3,1,4,0,123.23999999999998,0,0,0,0,0
-1,1718676996000,8,1,4,0,123.23999999999998,0,0,0,0,0
-8.06,1718710455000,7,1,5,0,123.23999999999998,0,0,0,1,0
-3.5,1718712378000,8,1,5,0,123.23999999999998,0,0,0,0,0
-37.31,1718728466000,5,2,5,0,123.23999999999998,0,0,0,0,0
-9.99,1718728578000,4,2,5,0,123.23999999999998,0,0,0,0,0
-1,1718772754000,3,2,5,0,123.23999999999998,0,0,0,0,0
-1,1718772758000,3,2,5,0,123.23999999999998,0,0,0,0,0
-1.59,1718798518000,0,2,6,0,123.23999999999998,0,0,0,0,0
-3.81,1718798518000,0,2,6,0,123.23999999999998,0,0,0,0,0
-1.75,1718798526000,0,1,6,0,123.23999999999998,0,0,0,0,0
-7.9,1718798526000,0,1,6,0,123.23999999999998,0,0,0,0,0
-2.23,1718798531000,0,1,6,0,123.23999999999998,0,0,0,0,0
-1.13,1718798535000,0,1,6,0,123.23999999999998,0,0,0,0,0
-4.9,1718798535000,0,1,6,0,123.23999999999998,0,0,0,0,0
-1,1718861576000,8,1,7,0,123.23999999999998,0,0,0,0,0
-1,1718861579000,8,1,7,0,123.23999999999998,0,0,0,0,0
-1,1718861580000,8,1,7,0,123.23999999999998,0,0,0,0,0
-6.04,1718883569000,0,1,7,0,123.23999999999998,0,0,0,0,0
-6,1718883570000,0,1,7,0,123.23999999999998,0,0,0,0,0
-0.67,1718883570000,0,1,7,0,123.23999999999998,0,0,0,0,0
-2.29,1718883572000,0,1,7,0,123.23999999999998,0,0,0,0,0
-1.75,1718883576000,0,1,7,0,123.23999999999998,0,0,0,0,0
-2.5,1718883577000,0,1,7,0,123.23999999999998,0,0,0,0,0
-3.81,1718883578000,0,1,7,0,123.23999999999998,0,0,0,0,0
-103.5,1718888270000,7,1,7,0,123.23999999999998,0,0,0,1,0
-3.26,1718944383000,0,1,7,0,123.23999999999998,0,0,0,0,0
-1.9,1718944385000,0,1,7,0,123.23999999999998,0,0,0,0,0
-0.39,1718944388000,0,1,7,0,123.23999999999998,0,0,0,0,0
-2.29,1718944388000,0,1,7,0,123.23999999999998,0,0,0,0,0
-2.21,1718944391000,0,1,7,0,123.23999999999998,0,0,0,0,0
-0.67,1718944391000,0,1,7,0,123.23999999999998,0,0,0,0,0
-2.23,1718944393000,0,1,7,0,123.23999999999998,0,0,0,0,0
-4.33,1718944394000,0,1,7,0,123.23999999999998,0,0,0,0,0
-1.75,1718944397000,0,1,7,0,123.23999999999998,0,0,0,0,0
-3.1,1718944399000,0,1,7,0,123.23999999999998,0,0,0,0,0
-2.02,1718944399000,0,1,7,0,123.23999999999998,0,0,0,0,0
-1.45,1718944400000,0,1,7,0,123.23999999999998,0,0,0,0,0
-3.2,1719021341000,8,1,8,0,58.19,0,0,0,0,0
-1.19,1719031159000,6,2,8,0,58.19,0,0,1,0,0
-2.29,1719054972000,0,2,1,0,59.379999999999995,0,0,0,0,0
-3.26,1719054982000,0,1,1,0,59.379999999999995,0,0,0,0,0
-0.67,1719054983000,0,1,1,0,59.379999999999995,0,0,0,0,0
-1.75,1719054993000,0,1,1,0,59.379999999999995,0,0,0,0,0
-35.99,1719066631000,4,1,1,0,59.379999999999995,0,0,0,0,0
-2.5,1719106653000,7,1,1,0,59.379999999999995,0,0,0,1,0
-5.67,1719140828000,0,1,2,0,59.379999999999995,0,0,0,0,0
-1.76,1719140832000,0,1,2,0,59.379999999999995,0,0,0,0,0
-2.65,1719141444000,5,1,2,0,59.379999999999995,0,0,0,0,0
-14.4,1719142029000,7,1,2,0,59.379999999999995,0,0,0,1,0
-22.2,1719192917000,3,1,2,0,59.379999999999995,0,0,0,0,0
-16.25,1719203673000,6,1,2,0,59.379999999999995,0,0,1,0,0
-4.19,1719204586000,6,1,1,0,75.63,0,0,1,0,0
-2.36,1719228648000,0,2,1,0,79.82,0,0,0,0,0
-1.28,1719228651000,0,1,1,0,79.82,0,0,0,0,0
-6,1719228667000,0,1,1,0,79.82,0,0,0,0,0
-3.81,1719228668000,0,1,1,0,79.82,0,0,0,0,0
-1.05,1719233188000,14,1,1,0,79.82,0,0,0,0,0
-1.05,1719233188000,14,1,1,0,79.82,0,0,0,0,0
-1.85,1719279896000,6,1,1,0,79.82,0,0,1,0,0
-2.04,1719289903000,6,1,1,0,81.66999999999999,0,0,1,0,0
-37.5,1719312342000,4,1,1,0,83.71,0,0,0,0,0
-31.72,1719312598000,4,1,1,0,83.71,0,0,0,0,0
-92.25,1719366574000,7,2,1,0,83.71,0,0,0,1,0
-7.32,1719376568000,8,2,2,0,83.71,0,0,0,0,0
-32.98,1719377349000,5,2,2,0,83.71,0,0,0,0,0
-13.61,1719378789000,7,2,2,0,83.71,0,0,0,1,0
-0.67,1719401750000,0,3,2,0,83.71,0,0,0,0,0
-4,1719401750000,0,3,2,0,83.71,0,0,0,0,0
-4,1719401755000,0,1,2,0,83.71,0,0,0,0,0
-3.26,1719401758000,0,1,2,0,83.71,0,0,0,0,0
-2.52,1719462990000,0,1,3,0,83.71,0,0,0,0,0
-16.74,1719462993000,0,1,3,0,83.71,0,0,0,0,0
-13.7,1719463016000,6,1,3,0,83.71,0,0,1,0,0
-3.99,1719464101000,6,1,1,0,97.41,0,0,1,0,0
-23.37,1719464101000,6,1,1,0,97.41,0,0,1,0,0
-1.37,1719490841000,0,1,1,0,124.77,0,0,0,0,0
-2.21,1719490841000,0,1,1,0,124.77,0,0,0,0,0
-16.5,1719490851000,0,1,1,0,124.77,0,0,0,0,0
-1.75,1719490856000,0,1,1,0,124.77,0,0,0,0,0
-6.5,1719490859000,0,1,1,0,124.77,0,0,0,0,0
-2.99,1719507114000,6,1,1,0,124.77,0,0,1,0,0
-1.5,1719540362000,8,1,1,0,127.75999999999999,0,0,0,0,0
-1.96,1719587322000,0,2,1,0,127.75999999999999,0,0,0,0,0
-1.98,1719587325000,0,1,1,0,127.75999999999999,0,0,0,0,0
-45.9,1719591634000,0,1,1,0,127.75999999999999,0,0,0,0,0
-5,1719591639000,0,1,1,0,127.75999999999999,0,0,0,0,0
-212.91,1719591784000,8,1,1,0,127.75999999999999,0,0,0,0,0
-7,1719592216000,3,1,1,0,127.75999999999999,0,0,0,0,0
-10,1719593832000,7,1,2,0,127.75999999999999,0,0,0,1,0
-18.5,1719593832000,7,1,2,0,127.75999999999999,0,0,0,1,0
-3,1719593847000,7,1,2,0,127.75999999999999,0,0,0,1,0
-5,1719626695000,10,1,2,0,127.75999999999999,0,0,0,0,0
-2.75,1719636442000,5,1,2,0,127.75999999999999,0,0,0,0,0
-6.18,1719636448000,6,1,2,0,127.75999999999999,0,0,1,0,0
-3.25,1719639236000,6,1,1,0,133.94,0,0,1,0,0
-1.33,1719665040000,0,1,1,0,137.19,0,0,0,0,0
-3.1,1719665042000,0,1,1,0,137.19,0,0,0,0,0
-3.26,1719665045000,0,1,1,0,137.19,0,0,0,0,0
-1.75,1719665045000,0,1,1,0,137.19,0,0,0,0,0
-0.67,1719665057000,0,1,1,0,137.19,0,0,0,0,0
-40.3,1719668020000,3,1,1,0,137.19,0,0,0,0,0
-7.5,1719668038000,5,1,1,0,137.19,0,0,0,0,0
-5.5,1719669198000,3,1,1,0,137.19,0,0,0,0,0
-6,1719671040000,7,1,1,0,137.19,0,0,0,1,0
-1.8,1719671173000,5,1,1,0,137.19,0,0,0,0,0
-5.9,1719671177000,5,1,1,0,137.19,0,0,0,0,0
-6.5,1719671190000,1,1,1,0,137.19,0,0,0,0,0
-3.1,1719713441000,7,1,1,0,137.19,0,0,0,1,0
-3.26,1719749791000,0,1,2,0,137.19,0,0,0,0,0
-1.75,1719749795000,0,1,2,0,137.19,0,0,0,0,0
-2.23,1719749795000,0,1,2,0,137.19,0,0,0,0,0
-0.67,1719749816000,0,1,2,0,137.19,0,0,0,0,0
-23,1719754475000,4,1,2,0,137.19,0,0,0,0,0
-5.5,1719754751000,7,1,2,0,137.19,0,0,0,1,0
-6.95,1719755174000,5,1,2,0,137.19,0,0,0,0,0
-14.1,1719755232000,3,1,2,0,137.19,0,0,0,0,0
-5,1719764503000,10,1,2,0,137.19,0,0,0,0,0
-4.04,1719798383000,6,1,2,0,137.19,0,0,1,0,0
-6,1719809457000,7,1,1,0,141.23,0,0,0,1,0
-15,1719809462000,3,1,1,0,141.23,0,0,0,0,0
-3.5,1719812860000,4,1,1,0,141.23,0,0,0,0,0
-3,1719812863000,4,1,1,0,141.23,0,0,0,0,0
-5.5,1719813098000,7,1,1,0,141.23,0,0,0,1,0
-1.5,1719845590000,0,2,1,0,141.23,0,0,0,0,0
-4.5,1719845590000,0,2,1,0,141.23,0,0,0,0,0
-5,1719845819000,5,1,1,0,141.23,0,0,0,0,0
-11,1719847615000,7,1,1,0,141.23,0,0,0,1,0
-1.5,1719847623000,7,1,1,0,141.23,0,0,0,1,0
-5,1719885177000,7,1,2,0,141.23,0,0,0,1,0
-65.5,1719885866000,0,1,2,0,141.23,0,1,0,0,0
-0.03,1719886148000,0,1,2,0,141.23,0,1,0,0,0
-0.67,1719931275000,0,1,2,0,141.23,0,0,0,0,0
-2.29,1719931292000,0,1,2,0,141.23,0,0,0,0,0
-1.75,1719931292000,0,1,2,0,141.23,0,0,0,0,0
-3.26,1719931292000,0,1,2,0,141.23,0,0,0,0,0
-3,1719935459000,0,1,2,0,141.23,0,0,0,0,0
-5,1719935609000,3,1,2,0,141.23,0,0,0,0,0
-26,1719937395000,1,1,2,0,141.23,0,0,0,0,0
-4,1719937414000,7,1,2,0,141.23,0,0,0,1,0
-7,1719940861000,8,1,2,0,141.23,0,0,0,0,0
0.03,1719972802000,0,1,3,0,141.23,0,1,0,0,0
-1.96,1720010176000,0,1,3,0,141.23,0,0,0,0,0
-22.07,1720011352000,0,1,3,0,141.23,0,1,0,0,0
-4.5,1720012920000,0,1,3,0,141.23,0,0,0,0,0
-3.1,1720095877000,0,1,4,0,136.04999999999998,0,0,0,0,0
-0.67,1720095878000,0,1,4,0,136.04999999999998,0,0,0,0,0
-1.75,1720095883000,0,1,4,0,136.04999999999998,0,0,0,0,0
-3.83,1720095887000,0,1,4,0,136.04999999999998,0,0,0,0,0
-1.5,1720098751000,0,1,4,0,136.04999999999998,0,0,0,0,0
-2.99,1720156317000,4,1,5,0,136.04999999999998,0,0,0,0,0
-1.75,1720180160000,0,1,5,0,136.04999999999998,0,0,0,0,0
-0.67,1720180160000,0,1,5,0,136.04999999999998,0,0,0,0,0
-3.26,1720180172000,0,1,5,0,136.04999999999998,0,0,0,0,0
-2.23,1720180172000,0,1,5,0,136.04999999999998,0,0,0,0,0
-30.5,1720230867000,5,1,6,0,136.04999999999998,0,0,0,0,0
-4.5,1720230947000,7,1,6,0,136.04999999999998,0,0,0,1,0
-1,1720232201000,8,1,6,0,136.04999999999998,0,0,0,0,0
-3.45,1720241747000,4,1,6,0,136.04999999999998,0,0,0,0,0
-0.67,1720275048000,0,2,6,0,136.04999999999998,0,0,0,0,0
-3.81,1720275058000,0,1,6,0,136.04999999999998,0,0,0,0,0
-11.5,1720278463000,7,1,6,0,136.04999999999998,0,0,0,1,0
-75.77,1720296706000,6,1,6,0,136.04999999999998,0,0,1,0,0
-9.92,1720297258000,3,1,1,0,211.82,0,0,0,0,0
-3.15,1720319161000,7,1,1,0,211.82,0,0,0,1,0
-15.25,1720319162000,7,1,1,0,211.82,0,0,0,1,0
-7.5,1720328351000,0,1,1,0,211.82,0,0,0,0,0
-2.21,1720358204000,0,1,1,0,199.4,0,0,0,0,0
-1.34,1720358204000,0,1,1,0,199.4,0,0,0,0,0
-1.97,1720358207000,0,1,1,0,199.4,0,0,0,0,0
-2.65,1720358207000,0,1,1,0,199.4,0,0,0,0,0
-3.26,1720358210000,0,1,1,0,199.4,0,0,0,0,0
-2.23,1720358213000,0,1,1,0,199.4,0,0,0,0,0
-3.83,1720358217000,0,1,1,0,199.4,0,0,0,0,0
-1.41,1720358217000,0,1,1,0,199.4,0,0,0,0,0
-0.67,1720358220000,0,1,1,0,199.4,0,0,0,0,0
-4,1720358227000,0,1,1,0,199.4,0,0,0,0,0
-0.7,1720360334000,3,1,1,0,199.4,0,0,0,0,0
-5,1720360557000,7,1,1,0,199.4,0,0,0,1,0
-3.99,1720410151000,4,1,2,0,199.4,0,0,0,0,0
-79.9,1720415000000,7,1,2,0,199.4,0,0,0,1,0
-2.11,1720446355000,0,2,2,0,199.4,0,0,0,0,0
-3.26,1720446367000,0,1,2,0,199.4,0,0,0,0,0
-2.6,1720446368000,0,1,2,0,199.4,0,0,0,0,0
-33,1720464880000,1,1,2,0,199.4,0,0,0,0,0
-4.25,1720500620000,6,1,3,0,199.4,0,0,1,0,0
-1,1720578785000,8,2,1,0,203.65,0,0,0,0,0
-0.67,1720618875000,0,2,2,0,203.65,0,0,0,0,0
-3.26,1720618885000,0,1,2,0,203.65,0,0,0,0,0
-2.23,1720618895000,0,1,2,0,203.65,0,0,0,0,0
-1.75,1720618895000,0,1,2,0,203.65,0,0,0,0,0
-12.99,1720625185000,4,1,2,0,203.65,0,0,0,0,0
-0.5,1720641488000,0,1,2,0,203.65,0,0,0,0,0
-3.83,1720716110000,0,1,3,0,203.65,0,0,0,0,0
-2.29,1720716112000,0,1,3,0,203.65,0,0,0,0,0
-0.67,1720716112000,0,1,3,0,203.65,0,0,0,0,0
-1.75,1720716129000,0,1,3,0,203.65,0,0,0,0,0
-15,1720759565000,7,1,3,0,203.65,0,0,0,1,0
-1,1720759577000,6,1,3,0,203.65,0,0,1,0,0
-2.21,1720787594000,0,1,1,0,204.65,0,0,0,0,0
-51.2,1720791731000,7,1,1,0,204.65,0,0,0,1,0
-4.2,1720847851000,5,1,2,0,204.65,0,0,0,0,0
-1.75,1721222730000,0,6,6,0,164.06,0,0,0,0,0
-0.89,1721222738000,0,1,6,0,164.06,0,0,0,0,0
-3.26,1721222744000,0,1,6,0,164.06,0,0,0,0,0
-9.99,1721317523000,4,2,7,0,164.06,0,0,0,0,0
-1.96,1721390760000,0,2,8,0,164.06,0,0,0,0,0
-1.88,1721390766000,0,1,8,0,164.06,0,0,0,0,0
-8.99,1721401962000,4,1,8,0,164.06,0,0,0,0,0
-46.5,1721539112000,7,2,10,0,164.06,0,0,0,1,0
-47.75,1721539115000,3,2,10,0,164.06,0,0,0,0,0
-12.51,1721560698000,7,2,10,0,164.06,0,0,0,1,0
-12.95,1721560698000,7,2,10,0,164.06,0,0,0,1,0
-4,1721623825000,6,3,11,0,162.87,0,0,1,0,0
-40,1721731641000,4,4,2,0,166.87,0,0,0,0,0
-37.5,1721817726000,4,5,3,0,146.43,0,0,0,0,0
-2.21,1721820444000,0,5,3,0,146.43,0,0,0,0,0
-1.75,1721820445000,0,1,3,0,146.43,0,0,0,0,0
-0.89,1721820447000,0,1,3,0,146.43,0,0,0,0,0
-3.26,1721820451000,0,1,3,0,146.43,0,0,0,0,0
-1,1721873227000,8,1,3,0,144.57999999999998,0,0,0,0,0
-3.26,1721993433000,0,3,5,0,142.54,0,0,0,0,0
-0.67,1721993436000,0,1,5,0,142.54,0,0,0,0,0
-2.83,1722165863000,0,2,7,0,98.49,0,0,0,0,0
-6,1722165868000,0,1,7,0,98.49,0,0,0,0,0
-2.16,1722165875000,0,1,7,0,98.49,0,0,0,0,0
-3.98,1722165878000,0,1,7,0,98.49,0,0,0,0,0
-3.81,1722252403000,0,2,8,0,89.06,0,0,0,0,0
-2.29,1722252407000,0,1,8,0,89.06,0,0,0,0,0
-1.75,1722252410000,0,1,8,0,89.06,0,0,0,0,0
-0.67,1722252410000,0,1,8,0,89.06,0,0,0,0,0
-33,1722304698000,1,1,8,0,89.06,0,0,0,0,0
-20,1722341449000,0,2,9,0,89.06,0,0,0,0,0
-0.89,1722426604000,0,1,10,0,85.02,0,0,0,0,0
-2.21,1722426613000,0,1,10,0,85.02,0,0,0,0,0
-3.26,1722426614000,0,1,10,0,85.02,0,0,0,0,0
-1.75,1722426614000,0,1,10,0,85.02,0,0,0,0,0
-1.25,1722564086000,8,2,11,0,85.02,0,0,0,0,0
-1.75,1722684009000,0,3,13,0,85.02,0,0,0,0,0
-1.91,1722684010000,0,1,13,0,85.02,0,0,0,0,0
-2.16,1722684012000,0,1,13,0,85.02,0,0,0,0,0
-3.26,1722684012000,0,1,13,0,85.02,0,0,0,0,0
-32.89,1722684705000,0,1,13,0,85.02,0,1,0,0,0
-19.9,1722774323000,7,2,14,0,85.02,0,0,0,1,0
-3,1722774339000,7,2,14,0,85.02,0,0,0,1,0
-17.1,1722774341000,7,2,14,0,85.02,0,0,0,1,0
-6,1722774343000,7,2,14,0,85.02,0,0,0,1,0
-22.4,1722774346000,7,2,14,0,85.02,0,0,0,1,0
-5.18,1722775057000,8,2,14,0,85.02,0,0,0,0,0
-34.39,1722785643000,0,2,14,0,85.02,0,1,0,0,0
-2.99,1722833572000,4,1,15,0,85.02,0,0,0,0,0
-19.8,1722834836000,7,1,15,0,85.02,0,0,0,1,0
-1.75,1722861295000,0,1,15,0,85.02,0,0,0,0,0
-0.41,1722861300000,0,1,15,0,85.02,0,0,0,0,0
-6,1722861308000,0,1,15,0,85.02,0,0,0,0,0
-20,1722861316000,3,1,15,0,85.02,0,0,0,0,0
-3.25,1722919851000,4,1,16,0,9.25,0,0,0,0,0
-19.3,1722920003000,7,1,16,0,9.25,0,0,0,1,0
-4.43,1722941857000,0,1,16,0,9.25,0,0,0,0,0
-12.95,1722995079000,5,1,16,0,9.25,0,0,0,0,0
-2.79,1723006301000,6,1,17,0,9.25,0,0,1,0,0
-1.97,1723029140000,0,2,1,0,12.04,0,0,0,0,0
-3.26,1723029140000,0,2,1,0,12.04,0,0,0,0,0
-0.89,1723029148000,0,1,1,0,12.04,0,0,0,0,0
-0.7,1723030957000,5,1,1,0,12.04,0,0,0,0,0
-3.99,1723079227000,4,1,1,0,12.04,0,0,0,0,0
-29,1723091439000,0,1,1,0,12.04,0,0,0,0,0
-1.65,1723115049000,0,1,2,0,7.79,0,0,0,0,0
-2.89,1723115057000,0,1,2,0,7.79,0,0,0,0,0
-2.21,1723115061000,0,1,2,0,7.79,0,0,0,0,0
-6,1723128291000,5,1,2,0,7.79,0,0,0,0,0
-6,1723293645000,0,3,4,0,7.79,0,0,0,0,0
-2.36,1723293659000,0,1,4,0,7.79,0,0,0,0,0
-3.81,1723293663000,0,1,4,0,7.79,0,0,0,0,0
-1.13,1723293665000,0,1,4,0,7.79,0,0,0,0,0
-12.99,1723298055000,4,1,4,0,7.79,0,0,0,0,0
-3.81,1723548728000,0,3,7,0,6.79,0,0,0,0,0
-0.67,1723548730000,0,1,7,0,6.79,0,0,0,0,0
-2.23,1723808507000,0,4,10,0,6.79,0,0,0,0,0
-1.75,1723808511000,0,1,10,0,6.79,0,0,0,0,0
-3.26,1723808517000,0,1,10,0,6.79,0,0,0,0,0
-0.67,1723808520000,0,1,10,0,6.79,0,0,0,0,0
-0.67,1723979041000,0,2,12,0,6.79,0,0,0,0,0
-2.21,1723979052000,0,1,12,0,6.79,0,0,0,0,0
-3.81,1723979054000,0,1,12,0,6.79,0,0,0,0,0
-1.75,1723979059000,0,1,12,0,6.79,0,0,0,0,0
-5,1723979669000,3,1,12,0,6.79,0,0,0,0,0
-9,1723980143000,7,1,12,0,6.79,0,0,0,1,0
-9.99,1723991272000,4,1,12,0,6.79,0,0,0,0,0
-8.99,1724068960000,4,2,13,0,6.79,0,0,0,0,0
-17.38,1724172420000,0,3,14,0,6.79,0,1,0,0,0
-19.99,1724204745000,4,1,14,0,6.79,0,0,0,0,0
-2.29,1724238952000,0,1,15,0,2.79,0,0,0,0,0
-3.81,1724238953000,0,1,15,0,2.79,0,0,0,0,0
-0.89,1724238954000,0,1,15,0,2.79,0,0,0,0,0
-1.75,1724238954000,0,1,15,0,2.79,0,0,0,0,0
-3.26,1724324891000,0,1,16,0,2.79,0,0,0,0,0
-17.88,1724326010000,0,1,16,0,2.79,0,1,0,0,0
-37.5,1724409778000,4,1,17,0,2.79,0,0,0,0,0
-15.73,1724409915000,4,1,17,0,2.79,0,0,0,0,0
-0.67,1724411434000,0,1,17,0,2.79,0,0,0,0,0
-1.75,1724411441000,0,1,17,0,2.79,0,0,0,0,0
-2.23,1724411442000,0,1,17,0,2.79,0,0,0,0,0
-3.26,1724411445000,0,1,17,0,2.79,0,0,0,0,0
-114.1,1724411455000,3,1,17,0,2.79,0,0,0,0,0
-21.56,1724464480000,3,1,17,0,2.79,0,0,0,0,0
-141,1724551460000,3,2,18,0,2.79,0,0,0,0,0
-53.7,1724585147000,6,3,19,0,2.79,0,0,1,0,0
-29.99,1724636732000,4,3,1,0,56.49,0,0,0,0,0
-37.88,1724674705000,0,4,2,0,56.49,0,1,0,0,0
-74.7,1724734379000,7,1,2,0,56.49,0,0,0,1,0
-0.89,1724843691000,0,2,3,0,56.49,0,0,0,0,0
-3.26,1724843705000,0,1,3,0,56.49,0,0,0,0,0
-0.5,1724856397000,8,1,4,0,56.49,0,0,0,0,0
-1,1724908896000,7,1,4,0,56.49,0,0,0,1,0
-2.5,1724933375000,3,2,5,0,56.49,0,0,0,0,0
-2.5,1724933375000,3,2,5,0,56.49,0,0,0,0,0
-3.83,1725019709000,0,3,6,0,56.49,0,0,0,0,0
-1.75,1725019709000,0,3,6,0,56.49,0,0,0,0,0
-0.67,1725019714000,0,1,6,0,56.49,0,0,0,0,0
-2.21,1725019717000,0,1,6,0,56.49,0,0,0,0,0
-7.17,1725079800000,6,1,6,0,56.49,0,0,1,0,0
-20,1725127600000,15,2,1,0,63.660000000000004,0,0,0,0,0
-9.5,1725165590000,12,2,1,0,63.660000000000004,0,0,0,0,0
-33,1725204550000,1,3,2,0,63.660000000000004,0,0,0,0,0
-4.43,1725209951000,0,3,2,0,63.660000000000004,0,0,0,0,0
-3.26,1725209958000,0,1,2,0,63.660000000000004,0,0,0,0,0
-1.55,1725209960000,0,1,2,0,63.660000000000004,0,0,0,0,0
-0.67,1725209960000,0,1,2,0,63.660000000000004,0,0,0,0,0
-10,1725211348000,7,1,2,0,63.660000000000004,0,0,0,1,0
-6,1725211369000,12,1,2,0,63.660000000000004,0,0,0,0,0
-11.99,1725255833000,7,1,3,0,63.660000000000004,0,0,0,1,0
-0.67,1725283923000,0,1,3,0,63.660000000000004,0,0,0,0,0
-3.26,1725283927000,0,1,3,0,63.660000000000004,0,0,0,0,0
-13.99,1725328951000,4,1,3,0,63.660000000000004,0,0,0,0,0
-4.43,1725362776000,0,1,4,0,63.660000000000004,0,0,0,0,0
-99,1725375973000,6,1,4,0,63.660000000000004,0,0,1,0,0
-1.5,1725463163000,4,2,2,0,162.66,0,0,0,0,0
-13.86,1725464784000,6,2,2,0,162.66,0,0,1,0,0
-4.93,1725511848000,3,2,1,0,176.51999999999998,0,0,0,0,0
-14.43,1725511886000,6,2,1,0,176.51999999999998,0,0,1,0,0
-5.49,1725512108000,4,2,1,0,190.95,0,0,0,0,0
-5.1,1725677714000,6,4,2,0,188.16000000000003,0,0,1,0,0
-3.81,1725709390000,0,5,1,0,193.26000000000002,0,0,0,0,0
-0.67,1725709399000,0,1,1,0,193.26000000000002,0,0,0,0,0
-3.99,1725756760000,4,1,1,0,193.26000000000002,0,0,0,0,0
-4.43,1725793448000,0,1,2,0,193.26000000000002,0,0,0,0,0
-14.9,1725793467000,7,1,2,0,193.26000000000002,0,0,0,1,0
-3.15,1725934262000,7,2,3,0,193.26000000000002,0,0,0,1,0
-2.21,1726053561000,0,4,5,0,193.26000000000002,0,0,0,0,0
-0.67,1726053567000,0,1,5,0,193.26000000000002,0,0,0,0,0
-3.26,1726053574000,0,1,5,0,193.26000000000002,0,0,0,0,0
-1.75,1726053577000,0,1,5,0,193.26000000000002,0,0,0,0,0
-5.49,1726105913000,4,1,5,0,193.26000000000002,0,0,0,0,0
-36,1726116020000,7,1,6,0,193.26000000000002,0,0,0,1,0
-2.37,1726116050000,6,1,6,0,193.26000000000002,0,0,1,0,0
-1.7,1726191964000,6,2,1,0,195.63000000000002,0,0,1,0,0
-3.26,1726230565000,0,3,1,0,197.33,0,0,0,0,0
-1.75,1726230573000,0,1,1,0,197.33,0,0,0,0,0
-0.89,1726230577000,0,1,1,0,197.33,0,0,0,0,0
-2.23,1726230579000,0,1,1,0,197.33,0,0,0,0,0
-6.7,1726239482000,7,1,1,0,197.33,0,0,0,1,0
-9.95,1726239486000,6,1,1,0,197.33,0,0,1,0,0
-1.97,1726313837000,0,1,1,0,207.28,0,0,0,0,0
-4.48,1726313842000,0,1,1,0,207.28,0,0,0,0,0
-98,1726375063000,7,1,2,0,207.28,0,0,0,1,0
-6.9,1726375122000,7,1,2,0,207.28,0,0,0,1,0
-4,1726399123000,0,1,2,0,207.28,0,0,0,0,0
-4,1726399128000,0,1,2,0,207.28,0,0,0,0,0
-3.26,1726399128000,0,1,2,0,207.28,0,0,0,0,0
-24.4,1726400849000,7,1,2,0,207.28,0,0,0,1,0
-50.5,1726400967000,5,1,2,0,207.28,0,0,0,0,0
-3.3,1726400972000,3,1,2,0,207.28,0,0,0,0,0
-13.5,1726462139000,7,1,3,0,207.28,0,0,0,1,0
-1.79,1726462389000,5,1,3,0,207.28,0,0,0,0,0
-46.5,1726487232000,7,2,3,0,207.28,0,0,0,1,0
-33,1726498241000,1,2,3,0,207.28,0,0,0,0,0
-40,1726548104000,15,2,4,0,207.28,0,0,0,0,0
-2.21,1726571706000,0,2,4,0,207.28,0,0,0,0,0
-1.75,1726571709000,0,1,4,0,207.28,0,0,0,0,0
-0.75,1726583931000,8,1,4,0,207.28,0,0,0,0,0
-3.35,1726624754000,8,1,5,0,207.28,0,0,0,0,0
-2.5,1726624757000,8,1,5,0,207.28,0,0,0,0,0
-2.23,1726662372000,0,2,5,0,207.28,0,0,0,0,0
-3.26,1726662392000,0,1,5,0,207.28,0,0,0,0,0
-0.89,1726662393000,0,1,5,0,207.28,0,0,0,0,0
-1.97,1726662394000,0,1,5,0,207.28,0,0,0,0,0
-5.49,1726710617000,4,1,6,0,207.28,0,0,0,0,0
-2.29,1726744777000,0,1,6,0,207.28,0,0,0,0,0
-0.67,1726744783000,0,1,6,0,207.28,0,0,0,0,0
-1.75,1726744783000,0,1,6,0,207.28,0,0,0,0,0
-3.26,1726744783000,0,1,6,0,207.28,0,0,0,0,0
-8.99,1726747519000,4,1,6,0,207.28,0,0,0,0,0
-19.99,1726883484000,4,2,8,0,207.28,0,0,0,0,0
-15,1726883762000,7,2,8,0,207.28,0,0,0,1,0
-19.7,1726884470000,7,2,8,0,207.28,0,0,0,1,0
-5.9,1726884470000,7,2,8,0,207.28,0,0,0,1,0
-3.95,1726929153000,3,3,8,0,207.28,0,0,0,0,0
-5.6,1726929194000,0,3,8,0,207.28,0,0,0,0,0
-7.9,1727003327000,0,1,9,0,207.28,0,0,0,0,0
-10,1727003694000,3,1,9,0,207.28,0,0,0,0,0
-31.59,1727006608000,6,1,9,0,207.28,0,0,1,0,0
-9,1727006637000,0,1,1,0,238.87,0,0,0,0,0
-1.8,1727068651000,6,1,1,0,238.87,0,0,1,0,0
-18.44,1727153317000,6,2,1,0,240.67000000000002,0,0,1,0,0
-15,1727174714000,4,2,1,0,259.11,0,0,0,0,0
-37.5,1727261021000,4,3,2,0,205.41,0,0,0,0,0
-0.89,1727262890000,0,3,2,0,205.41,0,0,0,0,0
-2.23,1727262890000,0,3,2,0,205.41,0,0,0,0,0
-1.75,1727262897000,0,1,2,0,205.41,0,0,0,0,0
-3.83,1727262910000,0,1,2,0,205.41,0,0,0,0,0
-5.49,1727314835000,4,1,2,0,205.41,0,0,0,0,0
-1,1727329458000,8,1,3,0,205.41,0,0,0,0,0
-17.98,1727357994000,4,2,3,0,205.41,0,0,0,0,0
-2.75,1727403202000,8,2,3,0,205.41,0,0,0,0,0
-1.19,1727413144000,6,2,4,0,205.41,0,0,1,0,0
-3.37,1727436216000,0,3,1,0,206.6,0,0,0,0,0
-0.67,1727436232000,0,1,1,0,206.6,0,0,0,0,0
-14.95,1727489195000,4,1,1,0,206.6,0,0,0,0,0
-3.26,1727528986000,0,2,2,0,206.6,0,0,0,0,0
-0.67,1727528991000,0,1,2,0,206.6,0,0,0,0,0
-1.75,1727529005000,0,1,2,0,206.6,0,0,0,0,0
-2.23,1727529006000,0,1,2,0,206.6,0,0,0,0,0
-3.37,1727608044000,0,1,3,0,206.6,0,0,0,0,0
-49.97,1727609172000,0,1,3,0,206.6,0,0,0,0,0
-3,1727660428000,6,1,3,0,206.6,0,0,1,0,0
-1.75,1727695822000,0,2,1,0,202.42999999999998,0,0,0,0,0
-3.26,1727695827000,0,1,1,0,202.42999999999998,0,0,0,0,0
-0.67,1727695838000,0,1,1,0,202.42999999999998,0,0,0,0,0
-2.23,1727695847000,0,1,1,0,202.42999999999998,0,0,0,0,0
-5,1727698842000,10,1,1,0,202.42999999999998,0,0,0,0,0
-33,1727755284000,1,1,2,0,202.42999999999998,0,0,0,0,0
-0.89,1727781785000,0,1,2,0,202.42999999999998,0,0,0,0,0
-3.26,1727781789000,0,1,2,0,202.42999999999998,0,0,0,0,0
-1.42,1727867620000,0,1,3,0,202.42999999999998,0,0,0,0,0
-2.16,1727867622000,0,1,3,0,202.42999999999998,0,0,0,0,0
-1.97,1727867630000,0,1,3,0,202.42999999999998,0,0,0,0,0
-1.75,1727867636000,0,1,3,0,202.42999999999998,0,0,0,0,0
-3.26,1727867638000,0,1,3,0,202.42999999999998,0,0,0,0,0
-5.49,1727919923000,4,1,4,0,202.42999999999998,0,0,0,0,0
-3,1728017029000,6,2,5,0,103.42999999999999,0,0,1,0,0
-0.67,1728134436000,0,4,2,0,78.13999999999999,0,0,0,0,0
-3.83,1728134453000,0,1,2,0,78.13999999999999,0,0,0,0,0
-6,1728134455000,0,1,2,0,78.13999999999999,0,0,0,0,0
-1.75,1728134457000,0,1,2,0,78.13999999999999,0,0,0,0,0
-10.53,1728136474000,3,1,2,0,78.13999999999999,0,0,0,0,0
-7.25,1728219137000,3,1,3,0,78.13999999999999,0,0,0,0,0
-21.95,1728281448000,5,2,4,0,73.03999999999999,0,0,0,0,0
-2.29,1728306030000,0,2,4,0,73.03999999999999,0,0,0,0,0
-1.9,1728306035000,0,1,4,0,73.03999999999999,0,0,0,0,0
-5.7,1728306039000,0,1,4,0,73.03999999999999,0,0,0,0,0
-2.6,1728306048000,0,1,4,0,73.03999999999999,0,0,0,0,0
-1.75,1728306054000,0,1,4,0,73.03999999999999,0,0,0,0,0
-3.99,1728350057000,4,1,4,0,73.03999999999999,0,0,0,0,0
-0.67,1728391425000,0,1,5,0,73.03999999999999,0,0,0,0,0
-3.81,1728391433000,0,1,5,0,73.03999999999999,0,0,0,0,0
-3.81,1728472298000,0,1,6,0,73.03999999999999,0,0,0,0,0
-0.89,1728472306000,0,1,6,0,73.03999999999999,0,0,0,0,0
-3,1728535514000,7,1,7,0,73.03999999999999,0,0,0,1,0
-5.49,1728535733000,4,1,7,0,73.03999999999999,0,0,0,0,0
-35,1728564096000,1,2,7,0,73.03999999999999,0,0,0,0,0
-43.79,1728622096000,6,2,8,0,73.03999999999999,0,0,1,0,0
-3.26,1728818061000,0,5,3,0,112.75999999999999,0,0,0,0,0
-7.3,1728818068000,0,1,3,0,112.75999999999999,0,0,0,0,0
-1.13,1728818072000,0,1,3,0,112.75999999999999,0,0,0,0,0
-20.74,1728883357000,5,1,4,0,102.81,0,0,0,0,0
-4.9,1728967907000,3,2,5,0,102.81,0,0,0,0,0
-21,1728995046000,7,3,5,0,102.81,0,0,0,1,0
-3.85,1729056750000,7,3,6,0,102.81,0,0,0,1,0
-4.4,1729129655000,7,4,6,0,102.81,0,0,0,1,0
-5.49,1729129964000,4,4,6,0,102.81,0,0,0,0,0
-1.75,1729163068000,0,4,7,0,102.81,0,0,0,0,0
-0.67,1729163070000,0,1,7,0,102.81,0,0,0,0,0
-3.26,1729163184000,0,1,7,0,102.81,0,0,0,0,0
-2.23,1729163191000,0,1,7,0,102.81,0,0,0,0,0
-6.4,1729228134000,8,1,8,0,102.81,0,0,0,0,0
-3.26,1729340805000,0,3,9,0,102.81,0,0,0,0,0
-2.23,1729340813000,0,1,9,0,102.81,0,0,0,0,0
-1.75,1729340820000,0,1,9,0,102.81,0,0,0,0,0
-0.67,1729340820000,0,1,9,0,102.81,0,0,0,0,0
-8.99,1729343253000,4,1,9,0,102.81,0,0,0,0,0
-2.98,1729399877000,6,1,10,0,102.81,0,0,1,0,0
-213.54,1729401418000,6,1,1,0,105.79,0,0,1,0,0
-19.99,1729479603000,4,2,1,0,319.33,0,0,0,0,0
-65,1729594593000,4,3,3,0,319.33,0,0,0,0,0
-32.04,1729693784000,3,5,4,0,285.94,0,0,0,0,0
-3.7,1729693897000,7,5,4,0,285.94,0,0,0,1,0
-7.8,1729769887000,3,5,5,0,267.5,0,0,0,0,0
-52,1729769920000,7,5,5,0,267.5,0,0,0,1,0
-22.85,1729821201000,7,6,5,0,267.5,0,0,0,1,0
-3.98,1729832035000,6,6,5,0,267.5,0,0,1,0,0
-3.9,1729854975000,7,6,1,0,271.48,0,0,0,1,0
-1,1729854982000,0,6,1,0,271.48,0,0,0,0,0
-9.1,1729918899000,0,1,2,0,271.48,0,0,0,0,0
-10,1729919009000,10,1,2,0,271.48,0,0,0,0,0
-6.4,1729943066000,0,1,2,0,271.48,0,0,0,0,0
-37.5,1729943104000,7,1,2,0,271.48,0,0,0,1,0
-4,1729943120000,5,1,2,0,271.48,0,0,0,0,0
-17.98,1729946888000,4,1,2,0,271.48,0,0,0,0,0
-14.95,1730033477000,4,2,3,0,270.29,0,0,0,0,0
-63.12,1730075212000,0,2,3,0,270.29,0,1,0,0,0
-10,1730079422000,3,1,3,0,270.29,0,0,0,0,0
-9.3,1730079921000,7,1,3,0,270.29,0,0,0,1,0
-41.2,1730117385000,3,1,4,0,270.29,0,0,0,0,0
-6.3,1730117396000,7,1,4,0,270.29,0,0,0,1,0
-50,1730202201000,0,2,5,0,270.29,0,0,0,0,0
-17.76,1730597690000,6,5,9,0,267.29,0,0,1,0,0
-41.47,1730597848000,3,5,1,0,285.05,0,0,0,0,0
-14.99,1730688043000,5,6,2,0,282.05,0,0,0,0,0
-17.1,1730688218000,3,6,2,0,282.05,0,0,0,0,0
-8.94,1730699592000,5,6,2,0,282.05,0,0,0,0,0
-37.5,1730720806000,4,7,2,0,282.05,0,0,0,0,0
-0.9,1730731516000,5,7,2,0,282.05,0,0,0,0,0
-2.23,1730809118000,0,8,3,0,282.05,0,0,0,0,0
-1.75,1730809121000,0,1,3,0,282.05,0,0,0,0,0
-0.89,1730809127000,0,1,3,0,282.05,0,0,0,0,0
-1.48,1730809130000,0,1,3,0,282.05,0,0,0,0,0
-3.81,1730809130000,0,1,3,0,282.05,0,0,0,0,0
-5.99,1730960149000,6,2,5,0,282.05,0,0,1,0,0
-1.33,1730988545000,0,3,1,0,288.04,0,0,0,0,0
-4.57,1730988549000,0,1,1,0,288.04,0,0,0,0,0
-4.02,1730988550000,0,1,1,0,288.04,0,0,0,0,0
-3.99,1731029402000,4,1,1,0,288.04,0,0,0,0,0
-4.35,1731068654000,0,1,2,0,288.04,0,0,0,0,0
-4.02,1731068659000,0,1,2,0,288.04,0,0,0,0,0
-11.06,1731297486000,3,3,4,0,244.24999999999997,0,0,0,0,0
-0.67,1731419398000,0,5,6,0,244.24999999999997,0,0,0,0,0
-0.62,1731419401000,0,1,6,0,244.24999999999997,0,0,0,0,0
-2.9,1731419402000,0,1,6,0,244.24999999999997,0,0,0,0,0
-4.26,1731419414000,0,1,6,0,244.24999999999997,0,0,0,0,0
-1.54,1731419418000,0,1,6,0,244.24999999999997,0,0,0,0,0
-24.5,1731423890000,7,1,6,0,244.24999999999997,0,0,0,1,0
-0.5,1731467590000,8,1,6,0,244.24999999999997,0,0,0,0,0
-4,1731467590000,8,1,6,0,244.24999999999997,0,0,0,0,0
-3.15,1731477558000,6,1,6,0,244.24999999999997,0,0,1,0,0
-3.81,1731503943000,0,1,1,0,247.39999999999998,0,0,0,0,0
-1.13,1731503949000,0,1,1,0,247.39999999999998,0,0,0,0,0
-1.21,1731503954000,0,1,1,0,247.39999999999998,0,0,0,0,0
-3.27,1731503954000,0,1,1,0,247.39999999999998,0,0,0,0,0
-0.41,1731503961000,0,1,1,0,247.39999999999998,0,0,0,0,0
-4.02,1731592946000,0,2,2,0,247.39999999999998,0,0,0,0,0
-2.23,1731592958000,0,1,2,0,247.39999999999998,0,0,0,0,0
-1.75,1731592963000,0,1,2,0,247.39999999999998,0,0,0,0,0
-129.88,1731677173000,3,1,3,0,247.39999999999998,0,0,0,0,0
-2.65,1731724632000,6,2,3,0,247.39999999999998,0,0,1,0,0
-6.95,1731766085000,0,3,1,0,250.04999999999998,0,0,0,0,0
-20.6,1731777545000,6,1,1,0,250.04999999999998,0,0,1,0,0
-4.02,1731849056000,0,1,1,0,270.65,0,0,0,0,0
-6,1731849070000,0,1,1,0,270.65,0,0,0,0,0
-3.27,1731849070000,0,1,1,0,270.65,0,0,0,0,0
-2.16,1731849073000,0,1,1,0,270.65,0,0,0,0,0
-2.16,1731849080000,0,1,1,0,270.65,0,0,0,0,0
-4.35,1731932372000,0,1,2,0,270.65,0,0,0,0,0
-0.67,1731932374000,0,1,2,0,270.65,0,0,0,0,0
-3.81,1731932380000,0,1,2,0,270.65,0,0,0,0,0
-46.75,1732160960000,7,3,5,0,54.13,0,0,0,1,0
-1.25,1732162170000,8,3,5,0,54.13,0,0,0,0,0
-4.26,1732191345000,0,3,5,0,54.13,0,0,0,0,0
-4.35,1732282060000,0,2,6,0,54.13,0,0,0,0,0
-4.02,1732282061000,0,1,6,0,54.13,0,0,0,0,0
-11.97,1732420042000,6,2,8,0,54.13,0,0,1,0,0
-34.52,1732535233000,4,3,2,0,62.12,0,0,0,0,0
-18.92,1732535382000,4,3,2,0,62.12,0,0,0,0,0
-17.98,1732617843000,4,4,3,0,62.12,0,0,0,0,0
-153.49,1732762909000,5,6,4,0,62.12,0,0,0,0,0
-1.79,1732945460000,5,8,7,0,62.12,0,0,0,0,0
-34.72,1732965436000,0,8,7,0,62.12,0,1,0,0,0
-19.67,1732998527000,0,1,7,0,62.12,0,1,0,0,0
-4.02,1733044450000,0,1,8,0,62.12,0,0,0,0,0
-6,1733044454000,0,1,8,0,62.12,0,0,0,0,0
-1.53,1733044457000,0,1,8,0,62.12,0,0,0,0,0
-1.49,1733044466000,0,1,8,0,62.12,0,0,0,0,0
-37.13,1733045044000,0,1,8,0,62.12,0,1,0,0,0
-1.64,1733111846000,6,1,9,0,62.12,0,0,1,0,0
-3.75,1733120072000,7,1,1,0,63.76,0,0,0,1,0
-2.5,1733120074000,7,1,1,0,63.76,0,0,0,1,0
-0.18,1733130558000,0,1,1,0,63.76,0,0,0,0,0
-1.08,1733130562000,0,1,1,0,63.76,0,0,0,0,0
-19.67,1733131300000,0,1,1,0,63.76,0,1,0,0,0
-36.04,1733281009000,3,2,2,0,46,0,0,0,0,0
-18.2,1733287895000,5,2,3,0,46,0,0,0,0,0
-63.94,1733287898000,6,2,3,0,46,0,0,1,0,0
-0.79,1733287898000,6,2,3,0,46,0,0,1,0,0
48.64,1733368089000,5,3,1,0,110.73,0,0,0,0,0
-5.5,1733372318000,8,3,1,0,110.73,0,0,0,0,0
-1.25,1733545090000,8,5,3,0,110.73,0,0,0,0,0
-10.36,1733552186000,3,5,4,0,104.74000000000001,0,0,0,0,0
-15.57,1733594070000,0,6,4,0,104.74000000000001,0,1,0,0,0
-3.99,1733620415000,4,1,4,0,104.74000000000001,0,0,0,0,0
-19.12,1733660904000,0,1,5,0,104.74000000000001,0,1,0,0,0
-17.13,1733722974000,0,1,6,0,104.74000000000001,0,1,0,0,0
-31.45,1733722976000,0,1,6,0,104.74000000000001,0,1,0,0,0
-687.6,1733834549000,8,2,7,0,104.74000000000001,0,0,0,0,0
800,1733993237000,16,4,9,0,104.74000000000001,0,0,0,0,0
-1.5,1734060157000,8,4,9,0,104.74000000000001,0,0,0,0,0
-1,1734123145000,16,5,10,0,101.59,0,0,0,0,0
-249,1734123160000,16,5,10,0,101.59,0,0,0,0,0
-10,1734148222000,10,5,10,0,101.59,0,0,0,0,0
-17.9,1734149899000,7,5,10,0,101.59,0,0,0,1,0
-10,1734233993000,10,6,11,0,101.59,0,0,0,0,0
-7.9,1734253523000,0,7,12,0,101.59,0,0,0,0,0
-1.75,1734443677000,6,3,14,0,78.34,0,0,1,0,0
-20.43,1734520888000,7,4,1,0,80.09,0,1,0,1,0
-10,1734576637000,10,4,2,0,80.09,0,0,0,0,0
-2.3,1734577944000,6,4,2,0,80.09,0,0,1,0,0
-23.65,1734618125000,7,5,1,0,82.39,0,0,0,1,0
-15,1734620236000,5,5,1,0,82.39,0,0,0,0,0
-13.9,1734700889000,8,6,2,0,82.39,0,0,0,0,0
-72.63,1734753212000,6,6,3,0,82.39,0,0,1,0,0
-51.3,1734762445000,3,6,1,0,155.01999999999998,0,0,0,0,0
-10,1734859213000,3,8,2,0,155.01999999999998,0,0,0,0,0
-36.95,1734945632000,0,9,3,0,155.01999999999998,0,1,0,0,0
-15,1734946933000,7,1,3,0,155.01999999999998,0,0,0,1,0
-15,1734954376000,4,1,3,0,155.01999999999998,0,0,0,0,0
-3.79,1735041922000,5,2,4,0,143.05,0,0,0,0,0
-65.81,1735136736000,6,3,5,0,143.05,0,0,1,0,0
-17.98,1735198051000,4,3,1,0,208.86,0,0,0,0,0
-40.25,1735229910000,0,4,2,0,208.86,0,1,0,0,0
-13.58,1735266611000,5,1,2,0,208.86,0,0,0,0,0
-2.36,1735287960000,0,1,2,0,208.86,0,0,0,0,0
-2.36,1735287965000,0,1,2,0,208.86,0,0,0,0,0
-2.29,1735287973000,0,1,2,0,208.86,0,0,0,0,0
-35,1735300193000,4,1,2,0,208.86,0,0,0,0,0
-28.83,1735353378000,5,1,3,0,208.86,0,0,0,0,0
-19.28,1735365207000,0,1,3,0,208.86,0,1,0,0,0
-41.08,1735365211000,0,1,3,0,208.86,0,1,0,0,0
-34.51,1735574796000,0,3,6,0,208.86,0,1,0,0,0
-39.2,1735624109000,0,1,6,0,208.86,0,0,0,0,0
-7.24,1735624722000,6,1,6,0,208.86,0,0,1,0,0
-23.24,1735710673000,0,2,1,0,214.46,0,1,0,0,0
-1.97,1735721736000,0,1,2,0,214.46,0,0,0,0,0
-2.16,1735721744000,0,1,2,0,214.46,0,0,0,0,0
-6.04,1735798599000,5,1,3,0,214.46,0,0,0,0,0
-18.99,1735831280000,4,2,3,0,214.46,0,0,0,0,0
250,1735856651000,16,2,3,0,214.46,0,0,0,0,0
-99.99,1735873466000,4,2,3,0,214.46,0,0,0,0,0
-4,1735894964000,0,3,4,0,149.73000000000002,0,0,0,0,0
-1.29,1735894968000,0,1,4,0,149.73000000000002,0,0,0,0,0
-3.46,1735894979000,0,1,4,0,149.73000000000002,0,0,0,0,0
-1.36,1735894980000,0,1,4,0,149.73000000000002,0,0,0,0,0
-0.46,1735894980000,0,1,4,0,149.73000000000002,0,0,0,0,0
-3.5,1736217778000,6,4,7,0,149.73000000000002,0,0,1,0,0
-3.99,1736297557000,4,5,1,0,153.23000000000002,0,0,0,0,0
-4.23,1736330778000,0,6,2,0,153.23000000000002,0,0,0,0,0
-4.58,1736330792000,0,1,2,0,153.23000000000002,0,0,0,0,0
-4.58,1736517460000,0,3,4,0,153.23000000000002,0,0,0,0,0
-4.23,1736517475000,0,1,4,0,153.23000000000002,0,0,0,0,0
-4.23,1736586651000,0,1,5,0,153.23000000000002,0,0,0,0,0
-4.58,1736586664000,0,1,5,0,153.23000000000002,0,0,0,0,0
-0.7,1736763083000,0,3,7,0,153.23000000000002,0,0,0,0,0
-0.51,1736763088000,0,1,7,0,153.23000000000002,0,0,0,0,0
-2.42,1736763091000,0,1,7,0,153.23000000000002,0,0,0,0,0
-1.6,1736763096000,0,1,7,0,153.23000000000002,0,0,0,0,0
-4.02,1736763098000,0,1,7,0,153.23000000000002,0,0,0,0,0
-0.7,1736763101000,0,1,7,0,153.23000000000002,0,0,0,0,0
-4.39,1737110791000,0,5,11,0,151.48000000000002,0,0,0,0,0
-8.97,1737277876000,0,2,13,0,149.18,0,0,0,0,0
4.39,1737364361000,0,2,14,0,76.55,0,0,0,0,0
-2.5,1737388065000,8,1,14,0,76.55,0,0,0,0,0
-21.68,1737525962000,0,2,16,0,76.55,0,1,0,0,0
-10.9,1737525969000,0,1,16,0,76.55,0,1,0,0,0
-4.23,1737543904000,0,1,16,0,76.55,0,0,0,0,0
-1.48,1737543912000,0,1,16,0,76.55,0,0,0,0,0
-26.93,1737559996000,4,1,16,0,76.55,0,0,0,0,0
-36.12,1737632826000,4,2,17,0,76.55,0,0,0,0,0
-65.31,1737632832000,4,2,17,0,76.55,0,0,0,0,0
-4.58,1737803290000,0,4,19,0,10.74,0,0,0,0,0
-4.23,1737803297000,0,1,19,0,10.74,0,0,0,0,0
-10.52,1737804311000,4,1,19,0,10.74,0,0,0,0,0
-4.45,1737882353000,0,1,20,0,10.74,0,0,0,0,0
-0.94,1737882359000,0,1,20,0,10.74,0,0,0,0,0
-3.42,1737882360000,0,1,20,0,10.74,0,0,0,0,0
-17.98,1737897131000,4,1,20,0,10.74,0,0,0,0,0
-114.49,1737950180000,3,1,21,0,10.74,0,0,0,0,0
-1,1738035512000,8,2,22,0,10.74,0,0,0,0,0
-4.39,1738066658000,0,3,22,0,10.74,0,0,0,0,0
-0.65,1738066674000,0,1,22,0,10.74,0,0,0,0,0
-22.83,1738067775000,0,1,22,0,10.74,0,1,0,0,0
-10,1738128734000,7,1,23,0,10.74,0,0,0,1,0
-4.23,1738141385000,0,1,23,0,10.74,0,0,0,0,0
-4.58,1738141387000,0,1,23,0,10.74,0,0,0,0,0
-0.5,1738207940000,8,1,24,0,10.74,0,0,0,0,0
-0.68,1738228824000,0,2,24,0,3.5,0,0,0,0,0
-0.7,1738228828000,0,1,24,0,3.5,0,0,0,0,0
-0.7,1738228838000,0,1,24,0,3.5,0,0,0,0,0
-3.42,1738228839000,0,1,24,0,3.5,0,0,0,0,0
-2.36,1738228850000,0,1,24,0,3.5,0,0,0,0,0
-1.54,1738228850000,0,1,24,0,3.5,0,0,0,0,0
-4.23,1738314151000,0,1,25,0,3.5,0,0,0,0,0
-1.15,1738344215000,5,1,25,0,3.5,0,0,0,0,0
-1.45,1738496932000,0,3,27,0,3.5,0,0,0,0,0
-1.82,1738496937000,0,1,27,0,3.5,0,0,0,0,0
-2.42,1738496952000,0,1,27,0,3.5,0,0,0,0,0
-2.8,1738572582000,0,1,28,0,3.5,0,0,0,0,0
-2.8,1738572586000,0,1,28,0,3.5,0,0,0,0,0
-4.58,1738572605000,0,1,28,0,3.5,0,0,0,0,0
-4.47,1738572611000,0,1,28,0,3.5,0,0,0,0,0
-1.36,1738572614000,0,1,28,0,3.5,0,0,0,0,0
-4.23,1738749153000,0,3,30,0,3.5,0,0,0,0,0
-1.82,1738749155000,0,1,30,0,3.5,0,0,0,0,0
-2.36,1738749174000,0,1,30,0,3.5,0,0,0,0,0
-5.99,1738820039000,6,1,31,0,0,0,0,1,0,0
-4.58,1738931981000,0,3,2,0,5.99,0,0,0,0,0
-4.23,1738931983000,0,1,2,0,5.99,0,0,0,0,0
-3.99,1738976997000,4,1,2,0,5.99,0,0,0,0,0
-6.25,1738984246000,5,1,2,0,5.99,0,0,0,0,0
-5.9,1738984452000,7,1,2,0,5.99,0,0,0,1,0
-3.1,1738984456000,7,1,2,0,5.99,0,0,0,1,0
-4.45,1739011760000,0,1,3,0,5.99,0,0,0,0,0
-4.23,1739011769000,0,1,3,0,5.99,0,0,0,0,0
-1,1739013062000,3,1,3,0,5.99,0,0,0,0,0
-8.3,1739097307000,0,1,4,0,5.99,0,0,0,0,0
-0.02,1739446270000,8,5,8,0,5.99,0,0,0,0,0
-1.3,1739462179000,6,5,8,0,5.99,0,0,1,0,0
-8.5,1739510596000,0,5,1,0,7.29,0,0,0,0,0
-3.4,1739528775000,0,1,1,0,7.29,0,0,0,0,0
-11.8,1739532668000,7,1,1,0,7.29,0,0,0,1,0
-30,1739629112000,5,2,2,0,7.29,0,0,0,0,0
-6.2,1739629153000,7,2,2,0,7.29,0,0,0,1,0
-15.4,1739641747000,7,2,3,0,7.29,0,0,0,1,0
-99.59,1739676214000,8,2,3,0,7.29,0,0,0,0,0
-140.18,1739707525000,8,3,3,0,7.29,0,0,0,0,0
99.59,1739762621000,8,3,4,0,7.29,0,0,0,0,0
-1.9,1739780320000,7,3,4,0,7.29,0,0,0,1,0
-4.5,1739780406000,7,3,4,0,7.29,0,0,0,1,0
-10.9,1739780721000,0,3,4,0,7.29,0,0,0,0,0
-39.03,1739781373000,7,1,4,0,7.29,0,1,0,1,0
-7.7,1739782126000,7,1,4,0,7.29,0,0,0,1,0
-2.95,1739782127000,7,1,4,0,7.29,0,0,0,1,0
-2.65,1739782130000,7,1,4,0,7.29,0,0,0,1,0
-238.02,1739847821000,8,1,5,0,7.29,0,0,0,0,0
-23.2,1739848264000,4,1,5,0,7.29,0,0,0,0,0
-27.97,1739875704000,7,2,5,0,7.29,0,1,0,1,0
-4.19,1739965695000,6,3,6,0,7.29,0,0,1,0,0
-5.29,1740019767000,1,3,1,0,11.48,0,0,0,0,0
-10,1740028461000,10,3,1,0,11.48,0,0,0,0,0
-122.99,1740129709000,3,5,2,0,11.48,0,0,0,0,0
-51.77,1740130111000,0,5,2,0,11.48,0,1,0,0,0
-21.97,1740218077000,0,2,3,0,11.48,0,1,0,0,0
-33.47,1740303330000,5,1,4,0,11.48,0,0,0,0,0
-26.85,1740304287000,4,1,4,0,11.48,0,0,0,0,0
-15.5,1740397880000,4,3,6,0,11.48,0,0,0,0,0
-0.5,1740453863000,8,3,6,0,11.48,0,0,0,0,0
-36.12,1740483846000,4,4,6,0,11.48,0,0,0,0,0
-4.23,1740567250000,0,5,7,0,11.48,0,0,0,0,0
-17.98,1740569135000,4,1,7,0,11.48,0,0,0,0,0
-1,1740682576000,4,2,9,0,11.48,0,0,0,0,0
-10.85,1740798340000,7,3,10,0,11.48,0,0,0,1,0
-12.45,1740899472000,0,4,11,0,11.48,0,1,0,0,0
-14.82,1740992987000,0,2,12,0,11.48,0,1,0,0,0
-5.75,1741231742000,6,3,15,0,11.48,0,0,1,0,0
-3.99,1741392572000,4,5,2,0,17.23,0,0,0,0,0
-1.39,1741514599000,0,7,4,0,11.24,0,0,0,0,0
-15,1741596946000,7,1,5,0,11.24,0,0,0,1,0
-91.81,1741658334000,4,2,5,0,11.24,0,0,0,0,0
-2.38,1741680445000,0,2,6,0,11.24,0,0,0,0,0
-2.31,1741680448000,0,1,6,0,11.24,0,0,0,0,0
-2.36,1741680457000,0,1,6,0,11.24,0,0,0,0,0
-0.22,1741680464000,0,1,6,0,11.24,0,0,0,0,0
-6.44,1741680471000,0,1,6,0,11.24,0,0,0,0,0
-33.8,1741681649000,10,1,6,0,11.24,0,0,0,0,0
-26.87,1741841666000,6,2,8,0,11.24,0,0,1,0,0
-12.57,1742015475000,6,4,3,0,38.11,0,0,1,0,0
-6,1742121725000,0,6,2,0,49.38,0,0,0,0,0
-5.03,1742122610000,3,1,2,0,49.38,0,0,0,0,0
-5.5,1742181940000,3,1,2,0,49.38,0,0,0,0,0
-3.2,1742203888000,7,1,3,0,49.38,0,0,0,1,0
-22.27,1742275172000,4,2,4,0,49.38,0,0,0,0,0
-25.97,1742704474000,4,7,8,0,45.190000000000005,0,0,0,0,0
-11.23,1742704732000,4,7,8,0,45.190000000000005,0,0,0,0,0
-26.53,1742817139000,4,9,10,0,45.190000000000005,0,0,0,0,0
-36.12,1742903296000,4,10,11,0,45.190000000000005,0,0,0,0,0
-17.98,1742980527000,4,10,12,0,45.190000000000005,0,0,0,0,0
-4.49,1743298458000,5,14,15,0,45.190000000000005,0,0,0,0,0
-27.11,1743298472000,6,14,15,0,45.190000000000005,0,0,1,0,0
-5.48,1743298656000,3,14,1,0,72.30000000000001,0,0,0,0,0
-2.49,1743299723000,6,14,1,0,72.30000000000001,0,0,1,0,0
-2.39,1743330266000,6,14,1,0,74.79,0,0,1,0,0
-10.46,1743335852000,6,15,1,0,77.18,0,0,1,0,0
-24.14,1743388257000,6,15,1,0,87.64000000000001,0,0,1,0,0
-7.58,1743389576000,6,15,1,0,111.78000000000002,0,0,1,0,0
-28.5,1743430159000,4,16,1,0,119.36000000000001,0,0,0,0,0
-256,1743561236000,8,17,2,0,119.36000000000001,0,0,0,0,0
-8,1743905922000,7,21,6,0,113.60999999999999,0,0,0,1,0
-4.58,1743927033000,0,21,7,0,113.60999999999999,0,0,0,0,0
-3.99,1744078714000,4,2,8,0,113.60999999999999,0,0,0,0,0
-24.52,1744163729000,7,3,9,0,113.60999999999999,0,0,0,1,0
-0.5,1744251647000,8,4,10,0,113.60999999999999,0,0,0,0,0
-88.84,1744336730000,4,5,11,0,113.60999999999999,0,0,0,0,0
-4.23,1744360534000,0,6,12,0,113.60999999999999,0,0,0,0,0
-18.49,1744599294000,4,3,15,0,86.74,0,0,0,0,0
-14.76,1744695060000,0,4,16,0,74.17,0,1,0,0,0
-34,1744900422000,7,3,18,0,74.17,0,0,0,1,0
-26.66,1744944168000,4,3,18,0,74.17,0,0,0,0,0
-23.14,1744944168000,4,3,18,0,74.17,0,0,0,0,0
-19.34,1744952616000,6,3,19,0,74.17,0,0,1,0,0
-4,1744952616000,6,3,19,0,74.17,0,0,1,0,0
-21.38,1744954292000,4,4,1,0,97.51,0,0,0,0,0
-23.9,1745028541000,7,4,1,0,97.51,0,0,0,1,0
-289.96,1745115108000,5,5,2,0,97.51,0,0,0,0,0
-32.63,1745124369000,6,5,2,0,97.51,0,0,1,0,0
-6.7,1745124369000,6,5,2,0,97.51,0,0,1,0,0
-4,1745145831000,0,6,1,0,136.84,0,0,0,0,0
-34,1745145845000,7,1,1,0,136.84,0,0,0,1,0
-15.5,1745405660000,4,4,4,0,136.84,0,0,0,0,0
-0.5,1745464343000,8,4,4,0,136.84,0,0,0,0,0
-7.61,1745471416000,6,4,5,0,136.84,0,0,1,0,0
-4.23,1745571352000,0,5,2,0,144.45000000000002,0,0,0,0,0
-2.8,1745571361000,0,1,2,0,144.45000000000002,0,0,0,0,0
-8.43,1745647166000,6,1,3,0,144.45000000000002,0,0,1,0,0
-17.98,1745665022000,4,2,1,0,152.88000000000002,0,0,0,0,0
4000,1714514400000,18,,,0,0,0,0,0,0,0
-1800,1714514400000,19,,,0,0,0,0,0,0,0
4000,1717192800000,20,3,10,0,110.52,0,0,0,0,0
-1800,1717192800000,19,3,10,0,110.52,0,0,0,0,0
4000,1719784800000,18,1,2,0,137.19,0,0,0,0,0
-1800,1719784800000,19,1,2,0,137.19,0,0,0,0,0
4000,1722463200000,18,1,10,0,85.02,0,0,0,0,0
-1800,1722463200000,19,1,10,0,85.02,0,0,0,0,0
4000,1725141600000,20,2,1,0,63.660000000000004,0,0,0,0,0
-1800,1725141600000,19,2,1,0,63.660000000000004,0,0,0,0,0
4000,1727733600000,18,1,1,0,202.42999999999998,0,0,0,0,0
-1800,1727733600000,19,1,1,0,202.42999999999998,0,0,0,0,0
4000,1730415600000,18,3,7,0,267.29,0,0,0,0,0
-1800,1730415600000,19,3,7,0,267.29,0,0,0,0,0
4000,1733007600000,18,1,7,0,62.12,0,0,0,0,0
-1800,1733007600000,19,1,7,0,62.12,0,0,0,0,0
4000,1735686000000,18,1,1,0,216.10000000000002,0,0,0,0,0
-1800,1735686000000,19,1,1,0,216.10000000000002,0,0,0,0,0
4000,1738364400000,18,1,25,0,3.5,0,0,0,0,0
-1800,1738364400000,19,1,25,0,3.5,0,0,0,0,0
4000,1740783600000,18,3,10,0,11.48,0,0,0,0,0
-1800,1740783600000,19,3,10,0,11.48,0,0,0,0,0
4000,1743458400000,18,16,1,0,119.36000000000001,0,0,0,0,0
-1800,1743458400000,19,16,1,0,119.36000000000001,0,0,0,0,0